5.346637088683997341e+00,-8.055174741114596859e-01
3.579900767221011915e+00,-4.244081191688044430e-01
4.858886143144476311e-01,4.669943101013238063e-01
6.150946789287118577e+00,-1.318534450107503031e-01
1.449134817843930279e+00,9.926083626620326728e-01
1.896848062406513158e+00,9.473143739347072989e-01
3.025455651870559759e+00,1.158761055572468668e-01
3.421076491721350976e+00,-2.758595516016656979e-01
3.474097266292730524e+00,-3.264114792145075272e-01
4.874529535997474738e+00,-9.868839924285248699e-01
4.912253364926925658e-01,4.717066892405021306e-01
3.100384117345730051e+00,4.119687423324669417e-02
4.037315827733848998e-03,4.037304859755896924e-03
4.559961404506135629e+00,-9.884053924124499568e-01
2.930624953894866547e+00,2.094062423108244420e-01
1.020075126824439904e+00,8.521473383665976176e-01
4.251131620804814659e+00,-8.954935869589472075e-01
1.285552857089895751e+00,9.595931708931814130e-01
5.978349804130697720e+00,-3.001362662315914531e-01
6.245048653471753752e+00,-3.812741002751458830e-02
3.890938769803099717e+00,-6.811601748470729190e-01
4.766754277410806040e+00,-9.985225711823477734e-01
5.582955703386139668e+00,-6.443932809228344327e-01
4.660347999032458333e+00,-9.986461737145473361e-01
1.579914557253498497e+00,9.999584292246767037e-01
2.926505972436113545e+00,2.134321129401379191e-01
2.653276442966946203e+00,4.691395590321777442e-01
3.601927144837831829e+00,-4.442478038427036813e-01
2.225716426648925328e+00,7.930965974826472698e-01
3.256731899565574295e+00,-1.148850135068573280e-01
1.282590057844636977e+00,9.587552550619938829e-01
6.847674291670760027e-01,6.324928871248095552e-01
2.930541276053847621e+00,2.094880641746323657e-01
1.300947292322272686e+00,9.638111526352911573e-01
1.930747340933438361e+00,9.359140790118186670e-01
5.594092069722997884e+00,-6.358375836334025921e-01
1.342979775260890074e+00,9.741618508332537951e-01
8.077491239127341238e-01,7.227333653665773960e-01
7.886074761907645447e-01,7.093724626433892677e-01
5.224307994643693220e+00,-8.718060821322213272e-01
6.256110582763601435e+00,-2.707141672472134983e-02
3.020952372830457922e+00,1.203478589741504151e-01
4.168765278507354566e+00,-8.558399785105543778e-01
3.472477559545424697e+00,-3.248800599173550796e-01
8.013605662455064449e-01,7.183033422754672159e-01
5.481105520534689246e-01,5.210754961815510233e-01
1.132690572206453750e+00,9.055568734158092603e-01
1.245265308969672136e+00,9.474810341565036431e-01
5.962154592428923205e-01,5.615149209670234898e-01
3.949542144993285042e+00,-7.228718302337083790e-01
1.895764749679569761e+00,9.476608087927119728e-01
2.342590245827759876e+00,7.166607048565473148e-01
1.554537775328032501e+00,9.998678326635697111e-01
4.471608417168652316e+00,-9.711521370364581962e-01
2.099633261511498983e+00,8.633944550924642636e-01
1.632973264841600436e+00,9.980676368463491377e-01
2.883219413732179270e-01,2.843438338540320576e-01
4.307190002447315536e+00,-9.190239779314147706e-01
3.007345364116034592e+00,1.338444110876894355e-01
6.219703366337919981e+00,-6.343931118569032246e-02
1.895465797422542620e+00,9.477562155802082833e-01
4.490748510195579968e+00,-9.755381371609040952e-01
9.140235966242915566e-01,7.919668075930212936e-01
3.644342849727029598e+00,-4.818372466482654382e-01
4.655951558239556753e+00,-9.984078313704397578e-01
2.929223162757205401e+00,2.107767477665867806e-01
4.451154814255152914e+00,-9.660719621192479512e-01
3.238988815302726643e+00,-9.724225119932737582e-02
1.333928182315540889e+00,9.720776602282870105e-01
4.322222213924629131e+00,-9.248456443201137356e-01
4.677574149509279522e+00,-9.993940249864027292e-01
5.393419258203857147e+00,-7.769244746740963103e-01
1.519205261613861824e+00,9.986694761504255613e-01
2.428695225560491444e+00,6.540283308035600429e-01
3.194959720646210144e+00,-5.334173870567863324e-02
5.642177419827198115e+00,-5.980035600687353403e-01
4.408519644887521238e+00,-9.541858736290709242e-01
1.304423731381245899e+00,9.647320964081975703e-01
5.120329936316893038e-01,4.899505208535019363e-01
1.305559638957995761e+00,9.650304831109793868e-01
5.933034492223404399e+00,-3.430394750098098022e-01
2.546024338858522640e+00,5.609793129479649920e-01
2.649417588620817554e+00,4.725439047063307862e-01
5.956245175716699869e+00,-3.211467507371944530e-01
5.687524906477101183e+00,-5.610555420823046813e-01
3.156909636185145640e+00,-1.531638368294297066e-02
1.426839222253544870e+00,9.896560582352637025e-01
4.003904960230845411e+00,-7.593491710403917905e-01
6.143409653532563297e+00,-1.393209597869981831e-01
1.291264319986809683e+00,9.611846656240854436e-01
2.202107712088182456e+00,8.072542179673783957e-01
3.226630379999197107e+00,-8.493527294677649664e-02
5.939644537200948093e+00,-3.368230721124704230e-01
7.934139488396179107e-01,7.127520200523619343e-01
1.087185165747360571e+00,8.853215840169854634e-01
4.637668900288343110e+00,-9.972097533609334263e-01
5.140488086094382680e+00,-9.097565342982748549e-01
5.877540572735647784e-01,5.544933760935460976e-01
4.412117664026069974e+00,-9.552562744978345677e-01
1.843736348997292440e+00,9.629825358647081668e-01
3.599492830495647500e+00,-4.420655778800605118e-01
3.470603435651359092e+00,-3.231070279442753157e-01
5.487753575731960431e+00,-7.141658733521911717e-01
4.111694153617658998e+00,-8.249430870074250244e-01
5.147789111663547246e+00,-9.067013502237820655e-01
1.601075171443581413e-01,1.594243495515282882e-01
4.925175026730582495e+00,-9.774463407712065122e-01
3.236642331052194788e+00,-9.490662197888624640e-02
2.562704551081941839e-01,2.534745775115816446e-01
8.677593852059778401e-01,7.628822117327227481e-01
6.075215048683384467e+00,-2.064743218579016271e-01
9.428739387571488662e-01,8.092497777149664229e-01
1.177741562612501403e+00,9.237433602804606680e-01
5.289438131586273073e+00,-8.380761415934739889e-01
9.897606996546318703e-01,8.358946529912668622e-01
4.698023531749511150e+00,-9.998968187172000421e-01
2.803566848172751591e+00,3.316252623225803275e-01
5.953826285705420496e+00,-3.234365690425609063e-01
4.881967142219849620e+00,-9.856560467879573739e-01
3.140079299429523463e+00,1.513353582612264473e-03
1.909676892933930059e+00,9.431273914954769744e-01
5.318466290100395177e+00,-8.218888875438561392e-01
1.456246153311624714e-01,1.451104620429724545e-01
6.120597081917449778e+00,-1.618728367268786883e-01
4.416937955799773441e+00,-9.566709141873753763e-01
3.526286342564463716e+00,-3.752752305550656198e-01
4.142295026420249826e+00,-8.418502708761497200e-01
3.409065707312835425e+00,-2.642951904016009879e-01
2.117637380475979381e+00,8.541714065683995161e-01
5.239479754944246004e+00,-8.642741276761845004e-01
2.645283398070335412e+00,4.761833476944096200e-01
1.103918160061697407e+00,8.929777768318735154e-01
2.429789612000969434e+00,6.532000687403196615e-01
6.836139397134454176e-01,6.315990126398236537e-01
4.723036232579515215e+00,-9.999433185458225237e-01
2.893419310341512674e+00,2.456336770686528836e-01
9.374806237427346645e-01,8.060696411419905338e-01
3.676355485634946518e+00,-5.096369969402524402e-01
5.596152874512442033e+00,-6.342456582852774583e-01
1.488820264287407991e+00,9.966418438083440856e-01
4.199563405772612334e+00,-8.713616443083792573e-01
5.092193101357022300e+00,-9.287372733011584058e-01
3.643341088385666726e+00,-4.809592009023245240e-01
1.851209266169265844e+00,9.609412382463228264e-01
1.029488124754717848e+00,8.570353538644285285e-01
1.010145278536268565e-01,1.008428245362057579e-01
5.721136989757945379e+00,-5.329205297886573378e-01
6.074900061032153076e+00,-2.067825119133578915e-01
1.573328199637712421e+00,9.999967948116661454e-01
8.409565826705229369e-03,8.409466705188894248e-03
4.369383927408584611e+00,-9.417482639619253471e-01
5.306314472611061817e+00,-8.287502916611922954e-01
2.838929690337070877e+00,2.980631817976637787e-01
1.419646462914426754e+00,9.885985907929792926e-01
3.370308014000422681e-01,3.306864003874628866e-01
1.031634749633170589e+00,8.581394432063360611e-01
8.734555737558769017e-01,7.665526148671172324e-01
5.852460569001983970e+00,-4.175294550727282616e-01
4.066345966061732931e+00,-7.984722738124960806e-01
2.084302130417935661e+00,8.710276942936626687e-01
3.594253669303277388e+00,-4.373600951763779721e-01
9.413011926957853825e-01,8.083248444195955118e-01
3.592809923555091434e+00,-4.360612987993597867e-01
2.572990528244966324e+00,5.384546498470280662e-01
4.407863944779855991e+00,-9.539894735389740088e-01
4.580783679677779219e+00,-9.913525144009340817e-01
4.361183185288824760e+00,-9.389585655564084421e-01
9.821591224258013897e-01,8.316981136203507319e-01
5.890583548165037264e+00,-3.825935161169411458e-01
3.350609925200811912e+00,-2.074986605950066565e-01
2.719786304956766987e+00,4.094091438821191864e-01
3.210225979246695616e+00,-6.857945508438711979e-02
5.078491279085090682e+00,-9.337297289916591803e-01
4.290326770431907022e+00,-9.122461116931709357e-01
4.388695138688401443e+00,-9.480669857489053554e-01
5.342484161711106516e+00,-8.079714290725676928e-01
3.561638155489019741e+00,-4.078019999183845057e-01
1.735745516963483670e+00,9.864266997063029230e-01
4.237715224414789539e+00,-8.894418782326393158e-01
4.565340317554476890e+00,-9.892078133224525560e-01
3.539959762185046710e+00,-3.879138312370196684e-01
3.668476561100904920e+00,-5.028423045535229674e-01
2.679425168748931774e-01,2.647479311636640742e-01
3.844936790318306041e+00,-6.467718170998897342e-01
6.765029246112852501e-01,6.260699542236434212e-01
4.850769743522993949e+00,-9.904406513316793559e-01
2.662210361421153415e+00,4.612311837672358195e-01
2.833540199401467063e+00,3.032033458270044224e-01
2.145968695913402335e+00,8.390985496309668612e-01
5.021688217699279200e+00,-9.525471097470752380e-01
5.206915692650886385e+00,-8.801934379244692463e-01
3.232041429953350420e+00,-9.032550017802419562e-02
2.465323073656189024e-01,2.440425880186324892e-01
2.476067046135375538e+00,6.174726568019501816e-01
9.122004326707684463e-01,7.908523334489721002e-01
5.075811993274522038e+00,-9.346855038372264834e-01
6.059245963730677254e+00,-2.220723150735169349e-01
2.055915508920200807e+00,8.846193791224170599e-01
2.722096998311305693e+00,4.072998896320682571e-01
4.740617404516052957e+00,-9.996016044915041476e-01
5.229761984972208566e+00,-8.691214855651081539e-01
4.593957287024119651e+00,-9.929951602776965203e-01
6.153538395482175183e+00,-1.292840256401745491e-01
6.080185591552067059e+00,-2.016083535737394072e-01
1.448580065426230634e+00,9.925408842857832425e-01
3.694170597445838311e-01,3.610718794128071618e-01
5.344596753289888369e+00,-8.067248422672171904e-01
7.672741937435266779e-01,6.941757695081404167e-01
2.648992288495879865e+00,4.729186819907897910e-01
6.072371445759651820e+00,-2.092558123483935772e-01
5.837315297446967755e-01,5.511413993824139101e-01
5.969562929962936693e+00,-3.085063388962940301e-01
1.793846526708210209e+00,9.752272666508117194e-01
2.459190500780643607e+00,6.306590565394766257e-01
3.678794504157060885e+00,-5.117339849761429749e-01
8.963198019001715755e-01,7.810339623390954999e-01
7.591899997504754083e-01,6.883341018243811504e-01
4.567852282016923837e+00,-9.895727432506011834e-01
3.186780270334861775e+00,-4.517224005999504605e-02
1.096614197415732850e+00,8.896664678317677266e-01
4.747378206438165549e+00,-9.993879394766294055e-01
5.744382105171821351e+00,-5.131091196653976283e-01
2.625245235037088509e+00,4.937070501340924955e-01
5.247240121096006238e-01,5.009741666591434051e-01
2.913903571721697450e+00,2.257268534724580777e-01
5.917000360568242634e+00,-3.580559304072994942e-01
3.443421925054982680e+00,-2.972672810261643428e-01
2.987085390645899619e+00,1.538932506768132813e-01
1.425880694206496546e+00,9.895180928030884449e-01
4.816708845917419879e+00,-9.945636156933244099e-01
1.474665078617571234e+00,9.953829488030597750e-01
1.824776059749526613e+00,9.679201496796865367e-01
1.995452731962213289e+00,9.111803504638255058e-01
3.112262681241279694e+00,2.932576735790494091e-02
3.755148483185639652e+00,-5.757783609961396598e-01
6.044151911132797927e+00,-2.367636164014131628e-01
4.050147282074847865e+00,-7.886158246995700338e-01
6.168586478774021664e+00,-1.143481574012381458e-01
2.825770102532030315e+00,3.105984448972098355e-01
6.031971261654616612e+00,-2.485800804300941913e-01
5.519713886590256635e+00,-6.914334996987780979e-01
2.318902316749625658e+00,7.329785863768168985e-01
3.855319073157391863e+00,-6.546552132724814399e-01
2.381996957337762399e+00,6.886283348966568685e-01
1.032292447079274034e+00,8.584769304258575984e-01
1.368487137223942884e+00,9.796052000711980012e-01
3.392653583615353519e+00,-2.484317681064799332e-01
2.603737862418946225e+00,5.122948458221039392e-01
2.660846400461145400e+00,4.624409696353066757e-01
3.965306457114724292e+00,-7.336744173282753190e-01
9.456465680350618630e-01,8.108754869695540268e-01
2.633908970282409889e+00,4.861543864054466701e-01
6.983682430561786170e-01,6.429687935847923086e-01
2.902914084073083156e+00,2.364188636555605849e-01
3.174672680717117723e-01,3.121613954062183449e-01
2.963727108519615516e+00,1.769291971800498742e-01
3.250360245634103418e+00,-1.085532583772874371e-01
1.593605731012636140e+00,9.997398768177432338e-01
3.246434801326667063e+00,-1.046501846220846549e-01
3.469580331124521688e+00,-3.221386313222814879e-01
1.219079210691493831e+00,9.387825329256078710e-01
6.216483174455039729e-01,5.823759006667859062e-01
5.681945075084089414e-01,5.381111241236083975e-01
1.112133437109777967e+00,8.966453039318600382e-01
5.399459664453141627e+00,-7.731073218523846213e-01
5.664103995486588161e+00,-5.802872148276297937e-01
4.645558636952380027e+00,-9.977676836325160004e-01
5.615095384054164640e+00,-6.194876955088117754e-01
5.471683688652622557e+00,-7.253217210199919274e-01
5.982608479496724918e+00,-2.960712219999119266e-01
5.746686228190722723e+00,-5.111300767056855543e-01
1.198851613330679466e+00,9.316223446611738845e-01
3.180383881221125808e+00,-3.878149978624257505e-02
1.817815611171866408e+00,9.696455572369521159e-01
3.269445625840726732e-01,3.211509471362669621e-01
5.124980481505811092e+00,-9.160847478184072079e-01
9.106824095532681795e-01,7.899223817910243639e-01
1.091441971090371332e+00,8.872928829742096069e-01
2.580435510420498346e+00,5.321662375425629810e-01
6.235942570974779109e+00,-4.722516484328152797e-02
4.504592369361582804e+00,-9.784878584665116508e-01
5.715644282528463904e+00,-5.375602056182320343e-01
2.319023608123244262e+00,7.328960723208005623e-01
4.473345488004333070e+00,-9.715648948489087333e-01
4.026502123681216183e+00,-7.738576523181137645e-01
7.533324066467055324e-01,6.840732555872215404e-01
8.592707274494442160e-01,7.573665566760667822e-01
1.399349239279641166e+00,9.853389133921091059e-01
2.486542795437627351e-01,2.460998503621306954e-01
6.044853808729642175e+00,-2.360816173926454653e-01
2.735063850128349294e+00,3.954234262915170550e-01
6.072582103596720238e+00,-2.090498136376973404e-01
2.398692282378308338e+00,6.764269054689613370e-01
7.219353544750412022e-01,6.608384467511931870e-01
4.177086570187837911e-01,4.056671845334891557e-01
5.232688189427639358e+00,-8.676704698031514340e-01
8.491833936617102507e-01,7.507412082859782343e-01
3.694191338192845731e+00,-5.249009038916350178e-01
3.022562558982120784e+00,1.187492206828113100e-01
5.732232892335454189e+00,-5.234989487544859932e-01
2.155749614785236468e-01,2.139091167976586716e-01
3.010573689142084230e+00,1.306444414634344020e-01
2.327880076712723234e+00,7.268419929271182633e-01
4.596546310379949485e-02,4.594927865958009505e-02
5.737332866588771729e+00,-5.191468472736825435e-01
4.203776555600044595e+00,-8.734210499011377804e-01
6.192492066098287395e+00,-9.056896289520574572e-02
4.293624063667978996e-01,4.162911669593540864e-01
1.122615965283622952e+00,9.012370912153502278e-01
4.858836136704984821e-01,4.669898882244639116e-01
6.202031938385996757e-01,5.812005236291167831e-01
2.768064468389357380e-01,2.732850629038406365e-01
4.973177022757463206e+00,-9.661870877180925854e-01
4.883281603738100607e+00,-9.854333581685126298e-01
5.310329602000623872e+00,-8.264966764524088738e-01
2.431565572926256635e+00,6.518543077253217133e-01
1.914869309250709861e+00,9.413885624528135487e-01
1.267324120435692425e+00,9.543046251803652957e-01
1.628541466433736762e+00,9.983332126599678835e-01
1.894853878269451508e+00,9.479512376086333125e-01
1.466695636135735503e+00,9.945864146501791625e-01
5.330718382818798950e+00,-8.148479964110224572e-01
1.866565774707420022e+00,9.565781499349400585e-01
3.519219482928447107e+00,-3.687155473140518724e-01
9.872892810459142909e-01,8.345355648606124221e-01
3.921967169152464350e-01,3.822192595543223437e-01
4.717332750384133355e-01,4.544309373743682934e-01
5.773415659656500942e+00,-4.879761950737409038e-01
5.894689596512145080e+00,-3.787966546540533219e-01
2.330275174663952065e+00,7.251949451712631500e-01
5.594410359034692526e+00,-6.355918884546949421e-01
1.161082489301114684e+00,9.172348523083021510e-01
5.463450491796749908e+00,-7.309648894512004169e-01
1.206857361403731232e+00,9.345019708330296604e-01
3.591635753417231403e+00,-4.350043428219518837e-01
9.631197462994506298e-01,8.209768157352577145e-01
1.139625999551582503e+00,9.084772520396260376e-01
5.116592017810404514e+00,-9.194161234544878658e-01
2.381654062677291073e+00,6.888769322935865969e-01
4.826654762273350663e+00,-9.934787656457331195e-01
6.223445477355530997e+00,-5.970430244283412430e-02
1.864076420120147404e+00,9.573007723355293486e-01
8.348943391884431353e-01,7.412255904109924520e-01
2.457356350054781480e+00,6.320814059875360380e-01
3.188604147762672980e+00,-4.699417955457332180e-02
3.071653886840008507e+00,6.988176391644419783e-02
4.047643103681805243e+00,-7.870735688190532153e-01
6.036164481467490184e+00,-2.445163066368981064e-01
5.343725162088751368e+00,-8.072395827811952307e-01
5.368483455096849433e+00,-7.923807438612082699e-01
6.114000639579180607e+00,-1.683787137296087755e-01
4.834958686118586257e+00,-9.924977330986464175e-01
3.380019708745811258e+00,-2.361744719412872118e-01
4.672070448983667745e+00,-9.991873181120021208e-01
1.562094649648460454e+00,9.999621406463105044e-01
2.350238812721251458e-01,2.328662103256486093e-01
3.805787022503565709e+00,-6.164249679238257285e-01
3.974915653560098239e+00,-7.401699048766968714e-01
1.436183577570504799e-01,1.431251490729626985e-01
6.267933512443080168e+00,-1.525120343831072589e-02
1.712881914616589452e+00,9.899228134442402682e-01
6.044225001389749607e+00,-2.366926036665272237e-01
6.093023409869741336e+00,-1.890178763446624943e-01
5.466191843598898537e+00,-7.290914054046724324e-01
1.360169423941981481e+00,9.779000384401932422e-01
2.258176381349391360e+00,7.729110588218688349e-01
3.466066794341213231e-01,3.397082466593931427e-01
3.239718768919627179e-01,3.183343156578653521e-01
3.215214419236149812e-01,3.160104025424065877e-01
3.093414344191357301e+00,4.815967338498242101e-02
4.884225275813449230e+00,-9.852724366238985176e-01
2.675610355230078952e+00,4.493005844183883268e-01
5.640062991264764847e+00,-5.996969226592636648e-01
5.828261607007831024e+00,-4.393937753645500432e-01
1.347860929229348415e+00,9.752526551103393171e-01
5.614855078644080066e+00,-6.196763188970841885e-01
5.543395985763783784e+00,-6.741323171545771098e-01
4.217013662663079643e+00,-8.797903600656541423e-01
4.318514788814916128e-01,4.185530178462838480e-01
4.764487724422901138e+00,-9.986431673783482399e-01
2.513784887424185044e+00,5.873719584366315916e-01
1.231175362336105472e+00,9.428810012639650129e-01
3.412081175363756103e+00,-2.672022279098923425e-01
7.416725304489319923e-03,7.416657308368363941e-03
3.792947731279544321e+00,-6.062646051681743753e-01
4.419367502486537980e+00,-9.573755044409115733e-01
4.778764183187395709e+00,-9.977979748537959548e-01
5.099021346896885909e+00,-9.261841480045214237e-01
4.900604314100365677e+00,-9.823397211828114317e-01
6.157074139156068604e+00,-1.257771545115990430e-01
2.290772086904300675e+00,7.518217123323325257e-01
6.109460091124595316e+00,-1.728526828822781469e-01
6.172722773461112311e+00,-1.102380272879261019e-01
2.264028151661638510e+00,7.691848141740662559e-01
1.787093325135485911e+00,9.766988612869443864e-01
5.394648034553481075e+00,-7.761502583543147260e-01
4.145781126804840011e-01,4.028038185439130059e-01
3.406684495890204278e+00,-2.619979033601868013e-01
4.663405937448835026e+00,-9.988005706009061013e-01
5.441799706408890103e+00,-7.455672418646877020e-01
2.915069838586664686e-01,2.873959579125829333e-01
2.952560100070125704e-01,2.909847915164240906e-01
5.864285604752573988e+00,-4.067555368888011724e-01
5.761248550952155156e+00,-4.985599590889636668e-01
1.500037649051872535e+00,9.974976490856785061e-01
9.694246794067691297e-01,8.245603483787526944e-01
3.639870109598789760e+00,-4.779131535177344459e-01
2.130230376758323718e+00,8.475556001578412602e-01
1.147810416798216604e+00,9.118673357168898264e-01
2.141971557256262759e+00,8.412662018839521805e-01
5.729325308644005466e-01,5.420986254444954966e-01
5.728333699725335570e+00,-5.268171755120619748e-01
2.312588520350780552e+00,7.372589189618901084e-01
1.099248414676341490e+00,8.908661921929824645e-01
3.292796903735518477e+00,-1.506287515415374867e-01
4.449460762328542707e+00,-9.656330481627485307e-01
5.555706164767815203e+00,-6.649890395617523708e-01
1.365950333534820919e-02,1.365907856966427913e-02
3.197030737264837885e+00,-5.540969097851100589e-02
2.605265888264372887e+00,5.109819649435901612e-01
2.701090925294229894e+00,4.263933509457071280e-01
1.953608117602063099e-01,1.941204958784777945e-01
3.512286994732067846e+00,-3.622626979779319800e-01
1.826817957261563929e+00,9.674050891498798821e-01
4.323076194685030238e+00,-9.251701123520608139e-01
4.577043126512626015e-01,4.418898825471955227e-01
5.040510879221291596e+00,-9.466492602891823926e-01
5.548349265509768813e+00,-6.704655172933690066e-01
5.168056003641519069e+00,-8.979676967893370776e-01
5.375297874178637692e+00,-7.882053998852092125e-01
4.607605633288602398e+00,-9.945152461858125514e-01
5.874514650354169198e+00,-3.973898078355821428e-01
1.141892054074218787e+00,9.094219806332687339e-01
1.385536463428168386e+00,9.828884164769330356e-01
1.561487962774354976e+00,9.999566774924407708e-01
4.029427772105756311e+00,-7.757073251940496128e-01
5.869464759854710501e+00,-4.020187526700250702e-01
4.389481394895408783e+00,-9.483167777634811113e-01
1.096131789735187656e+00,8.894460916820408070e-01
3.788836813603286835e+00,-6.029902308591129634e-01
3.182783039187431218e+00,-4.117873898905641955e-02
3.168897729519016160e+00,-2.730168309433334689e-02
2.314812178000843268e+00,7.357547714290546548e-01
3.582722191453327376e+00,-4.269611443907552206e-01
5.500212465685849761e-01,5.227053420334112355e-01
2.027767093974071066e+00,8.973932064467660119e-01
4.033641865649815750e-01,3.925147538174175721e-01
1.664615626778859214e+00,9.956021967065343814e-01
6.179956441056900118e+00,-1.030456258955869259e-01
1.780326279782015464e-01,1.770936416478561815e-01
6.061543510348632147e+00,-2.198315535821549205e-01
2.679419452810459124e+00,4.458943590796716205e-01
2.538745284850911332e+00,5.669902161281821229e-01
1.020352144501979863e+00,8.522922695546638616e-01
3.508314021722948262e+00,-3.585567357181356218e-01
4.122713485286977786e+00,-8.311211772259199382e-01
5.288016467708406942e+00,-8.388508877937713715e-01
2.555302287584820586e+00,5.532747160470621317e-01
4.361608622892242160e+00,-9.391048439821816363e-01
2.256495965242661494e+00,7.739762152276161711e-01
6.246102965284162423e+00,-3.707384382450939347e-02
2.197358045073760202e+00,8.100483738158714697e-01
3.433784761392449258e+00,-2.880521102507931364e-01
3.801391104410110966e+00,-6.129576172352597663e-01
7.678291613182055553e-01,6.945751313176122821e-01
2.181291143106793839e+00,8.193644533506214689e-01
2.674446488416817314e+00,4.503400559650710955e-01
5.760467780471416610e+00,-4.992366220229838003e-01
3.128189405824494340e+00,1.340284645991520265e-02
2.072830186634960992e+00,8.766056631161798229e-01
5.069906090311833424e-02,5.067734426077065424e-02
3.964346219378792835e+00,-7.330215965123024757e-01
1.476413221235846285e+00,9.955492201901691152e-01
5.246931050993454804e+00,-8.605020102645332125e-01
5.132126053762510409e+00,-9.131961198285487580e-01
3.857471028517883926e+00,-6.562804186649642268e-01
5.347452785375589102e+00,-8.050338471488289738e-01
6.106558684833554018e+00,-1.757096847438202880e-01
3.320572310811127359e+00,-1.780256225989564067e-01
5.015053582660442544e-01,4.807460710550866545e-01
2.857777153543241133e-01,2.819037097944882553e-01
7.361693341268680246e-01,6.714541449954944952e-01
3.864989434143670355e+00,-6.619345821162011534e-01
1.489875895655346227e-01,1.484370139028463598e-01
3.127316244741059403e+00,1.427592389394277336e-02
4.385763184524928526e+00,-9.471303433207852729e-01
4.146956548631900219e+00,-8.443569906629209143e-01
5.890917242952682376e-01,5.556060702965518461e-01
1.572498409682757448e+00,9.999985514572711232e-01
1.172853824215285279e+00,9.218602711112769965e-01
3.398821852149830569e+00,-2.544018937285595916e-01
2.164561525776747875e+00,8.288399840916221839e-01
1.103810693029813494e+00,8.929294006831535180e-01
2.543554918810093102e-01,2.516216894368364931e-01
1.006017244576813408e+00,8.447068626869351782e-01
3.268376981010551852e+00,-1.264449394790615189e-01
4.183624002263729658e+00,-8.634307570823291922e-01
1.916617450685439428e+00,9.407974340088994802e-01
1.773238536816438282e+00,9.795784633448212375e-01
3.912976171013135662e+00,-6.971278139870572543e-01
4.581546884153744337e+00,-9.914523777336182730e-01
3.767577747088622697e+00,-5.858958634162055867e-01
7.037856007353628929e-01,6.471084514056109072e-01
3.407051519037620935e+00,-2.623520881631158930e-01
4.756665239779605869e+00,-9.990199665464403189e-01
3.887888348810444317e+00,-6.789236909727819347e-01
3.766395178254938081e+00,-5.849371163195483669e-01
3.193248623886336013e+00,-5.163300075229519670e-02
5.612508390445333006e+00,-6.215164267254102981e-01
3.908193304554000491e+00,-6.936907922677070237e-01
2.493017071496415937e+00,6.040518361503444122e-01
8.251123054437660143e-01,7.346239832553166371e-01
4.984177476221756109e+00,-9.632923071411441107e-01
2.931995353890170630e+00,2.080660296108933216e-01
9.519788385414276188e-01,8.145649683679836439e-01
5.307639534170192519e+00,-8.280080352563907731e-01
5.435895025234079192e+00,-7.494892809192422733e-01
9.779184117279369204e-01,8.293360804527494246e-01
5.276207561775964727e+00,-8.452205610674766723e-01
6.998409000966741011e-01,6.440959927666778384e-01
4.582328644716505472e+00,-9.915540703473408879e-01
5.371909737129306528e+00,-7.902859728818127927e-01
4.397845666764006012e+00,-9.509377687214235486e-01
1.484227503271934867e-01,1.478784083812413885e-01
6.150571343285433201e+00,-1.322256037747158164e-01
5.596872192941191315e+00,-6.336893664522190717e-01
1.290907923204661190e+00,9.610862726245286147e-01
3.227944322105850361e+00,-8.624439339071478250e-02
4.407681400402402083e+00,-9.539347235206172559e-01
5.632783725802015695e+00,-6.055060493574502267e-01
1.968944651703120829e+00,9.217804908147984033e-01
2.393806229777175609e+00,6.800174423024567538e-01
2.166172150649189998e+00,8.279377877987437184e-01
1.966917053709738905e+00,9.225647199040672986e-01
1.376113602524542623e+00,9.811090975892707844e-01
6.076081306530315196e+00,-2.056266527547575829e-01
2.385167238466219253e+00,6.863260613901672746e-01
2.482671829637672634e-01,2.457246407095219631e-01
3.919122672586607958e+00,-7.015213327674422183e-01
4.582804559732865712e+00,-9.916156813612890808e-01
2.877127554247555175e+00,2.613930020920484654e-01
5.744175255465318486e+00,-5.132866526270228880e-01
3.271207170324335056e-01,3.213177653509894927e-01
2.030562716254908917e+00,8.961561840310440230e-01
3.663609520073095593e-01,3.582202611233253342e-01
1.479059727030587412e+00,9.957951482369301610e-01
5.093897410162483652e+00,-9.281040717842691246e-01
1.768665382966532418e+00,9.804877055032782396e-01
1.683011235399034744e+00,9.937105111685148318e-01
5.472454170718508593e+00,-7.247910981817586862e-01
3.727578302433935953e+00,-5.530208613191405220e-01
2.194798345586195687e+00,8.115466316459343243e-01
6.161281266269196255e-01,5.778795788247900189e-01
4.837563275136878893e+00,-9.921759220068614438e-01
1.002733097146101038e+00,8.429445388432079689e-01
7.069287601821773181e-01,6.495015892800615198e-01
1.742905181284214899e+00,9.852257946390480248e-01
5.692928450141460095e-01,5.390365593850064974e-01
5.268164431075004650e+00,-8.494915662322271022e-01
3.277560254415884611e+00,-1.355490447992085401e-01
5.681183964807957842e+00,-5.662931206283055019e-01
2.967543306555020965e+00,1.731719258561206787e-01
3.873382855285802950e+00,-6.682025781710625445e-01
5.553634548111029190e+00,-6.665348048794097480e-01
2.540730807987715334e+00,5.653535754749798858e-01
2.012655940057356929e+00,9.039580166100190661e-01
1.934591700445744689e+00,9.345530738211943467e-01
2.452180373409421854e+00,6.360837957446286994e-01
1.958875353096966920e+00,9.256376848324407991e-01
5.916814687649206483e+00,-3.582292870648409178e-01
9.959580814457912323e-01,8.392802592484303048e-01
3.912141373019636603e+00,-6.965290653401703391e-01
3.229503653337374658e+00,-8.779780908915453541e-02
3.608751394258785439e+00,-4.503512840505980996e-01
2.986248306554906140e+00,1.547203089726754133e-01
1.297304167369682126e+00,9.628335528859136572e-01
3.353581460664077696e+00,-2.104046010997330796e-01
3.722328446543813563e+00,-5.486392517127667290e-01
5.418385901354197287e+00,-7.609651348911289359e-01
5.921679583697787130e+00,-3.536830352279924927e-01
2.703057734590534000e+00,4.246134739366005939e-01
1.906983645162600549e+00,9.440192903709427874e-01
1.416793172696880321e+00,9.881649330237246565e-01
3.747673231648523284e+00,-5.696505217487118911e-01
1.482695477887701063e+00,9.961216297662084385e-01
8.036555771396746151e-01,7.198981572498956982e-01
4.495725946399677042e+00,-9.766202393438091489e-01
3.889004083600703598e+00,-6.797424505659327432e-01
5.111704883497056429e+00,-9.213271783350752697e-01
5.808231074783506642e+00,-4.572977459029299863e-01
1.735941649883494309e+00,9.863944752743968314e-01
1.700527767615796382e+00,9.915966723955738082e-01
4.867759960654180595e+00,-9.879541908164998221e-01
5.341753141286661233e+00,-8.084019462191447403e-01
5.541619859124113923e+00,-6.754431191111484045e-01
4.527232652154125958e+00,-9.829074825834923645e-01
2.753330398438764703e+00,3.785805859393477357e-01
2.012177679340887870e+00,9.041624276486168732e-01
5.451895547137016074e+00,-7.388011848903681678e-01
3.499061725804041068e+00,-3.499044202657424218e-01
3.966106291602871980e+00,-7.342176710676533435e-01
3.113530981546639431e-01,3.063469575842550086e-01
2.766981320300937242e+00,3.659108440931542194e-01
2.039046580975684808e+00,8.923593588583567104e-01
3.486659846550478559e+00,-3.382599101301715372e-01
2.965072674807727626e+00,1.756046993384641486e-01
4.174270118586886014e+00,-8.586743240702026103e-01
5.318959886844022655e+00,-8.216076111170624863e-01
1.050747422653574237e+00,8.677948791434334508e-01
4.268946175406120425e+00,-9.032798776429988852e-01
2.188138494036296677e+00,8.154198744804145305e-01
2.371406531086016845e+00,6.962688459002865926e-01
5.994785125522780866e+00,-2.844188436938123732e-01
4.276095815925921251e+00,-9.063243312299841259e-01
6.094378834425196345e+00,-1.876867119294291786e-01
6.082714531347705567e+00,-1.991307004209701137e-01
2.791576986778238290e+00,3.429125243886408381e-01
1.978197880193461433e+00,9.181534905409942660e-01
3.351748473281291663e+00,-2.086122937902112617e-01
6.250792980208069061e+00,-3.238666259116226159e-02
6.019524788470317134e+00,-2.606163102272432974e-01
4.560399337023038235e+00,-9.884717924301109626e-01
4.774991365525063647e-01,4.595594806171195423e-01
2.724079502802531749e+00,4.054884800076036244e-01
3.947022263025303790e+00,-7.211283435965740729e-01
2.173496300117335966e+00,8.238080888600088914e-01
5.783489570797777368e+00,-4.791584999710479797e-01
1.885295283009445599e+00,9.509514911788207181e-01
4.337037537441522872e+00,-9.303788405548465423e-01
2.195551695743740428e+00,8.111062281989176448e-01
9.617261507162419010e-01,8.201803293143340445e-01
3.943444963319092000e+00,-7.186453761353087666e-01
3.944134658175063812e+00,-7.191248029419393673e-01
3.853268349659573211e+00,-6.531036392813974745e-01
7.271342975629421224e-01,6.647314515773108390e-01
1.217338996681945229e+00,9.381815900765636540e-01
6.030144007650032556e+00,-2.503495634232574818e-01
3.058499787757367638e+00,8.299728076866022541e-02
2.724074711229568901e+00,4.054928599805347478e-01
3.330815964673855767e+00,-1.880961262842124337e-01
4.616924418765298910e+00,-9.954467183347834869e-01
1.990425071105288657e+00,9.132402607711432863e-01
1.726135319664833023e+00,9.879591402530745192e-01
1.832635995932296868e+00,9.659153999279206371e-01
2.132581925089807928e+00,8.463052756708145941e-01
4.225774082884496075e+00,-8.839209171525562736e-01
3.995955394165985552e+00,-7.541525815180237791e-01
3.817580290521343400e+00,-6.256680668492632380e-01
2.205513873472369824e+00,8.052392093167517473e-01
4.874154127269274994e+00,-9.869445255124907890e-01
2.190444135631361422e-01,2.172969692187604052e-01
9.086650043362595186e-01,7.886836884871427644e-01
5.358679908962173499e+00,-7.983229970650705942e-01
1.794943117578433389e+00,9.749841086418242764e-01
1.193705296066270627e+00,9.297397010776269344e-01
5.453536127190186988e+00,-7.376945657831838199e-01
5.804073569109010400e+00,-4.609911096495839522e-01
4.375513127524107482e+00,-9.437919258002304135e-01
5.759731770731360001e-01,5.446512157376304231e-01
3.134973044566931488e+00,6.619560678613000890e-03
7.660079538024648638e-02,7.652590583886192954e-02
9.537949121276699804e-01,8.156170785647606225e-01
1.830530995186862020e+00,9.664581557125971889e-01
2.507136655989200769e+00,5.927394656707752896e-01
4.000894910699034135e+00,-7.573871448511612092e-01
8.298298960321204287e-01,7.378165613897476049e-01
1.901893988295424220e+00,9.456860841184336897e-01
1.730307628102109252e+00,9.873050240838646685e-01
3.699368513198785013e+00,-5.293004713250993865e-01
3.705966684927312738e+00,-5.348870251513588858e-01
4.814695946027939044e+00,-9.947712054701406403e-01
3.188760035668480430e+00,-4.714989465805323465e-02
4.652998701753493727e+00,-9.982369157234641799e-01
2.792277589506272140e+00,3.422543169627127457e-01
4.862686851662166632e+00,-9.887265207437841985e-01
4.363598117798196951e-01,4.226431839404772850e-01
5.397226221664326307e-01,5.138980625018789716e-01
9.831778192643599867e-01,8.322632910925360505e-01
3.805476420306880048e+00,-6.161803657834266090e-01
4.487917870031677303e+00,-9.749119693717742674e-01
5.881559236103290011e+00,-3.909155374586884002e-01
2.368107130439602859e+00,6.986332991948374094e-01
3.371572809599837850e+00,-2.279582020641403306e-01
3.959884166683758977e+00,-7.299791972136819851e-01
2.874494724132227397e+00,2.639333862797128005e-01
5.698868982209717160e+00,-5.516292651870129404e-01
4.232445099774557740e+00,-8.870208361481110027e-01
1.798023380747237443e+00,9.742948201981448397e-01
6.251885913936209960e+00,-3.129428307473656329e-02
2.640304130217276946e+00,4.805559259403521244e-01
3.529070144421091015e+00,-3.778541164349363823e-01
5.519407715988161378e+00,-6.916546572117663327e-01
1.856610599602223299e+00,9.594323956684216448e-01
1.901472522874502469e-01,1.890034952983488392e-01
2.052800013588361505e+00,8.860678820272590572e-01
2.392131395825832563e+00,6.812444694245965993e-01
2.990390907422880495e+00,1.506262761316491394e-01
6.120825338455568421e+00,-1.616475863064918694e-01
4.502281458048460472e+00,-9.780084949752163581e-01
2.102863966808574681e+00,8.617599659872161588e-01
2.416805969258534414e+00,6.629757609222950432e-01
4.547428222502399642e+00,-9.864248001961384293e-01
2.019755186242066181e+00,9.008994744970866275e-01
2.947350177542993888e-01,2.904863043390113475e-01
5.882871458614922666e+00,-3.897073967958077922e-01
5.295159089972446331e+00,-8.349413561960656871e-01
2.370008863218158179e+00,6.972713850684032488e-01
4.944306094068409152e+00,-9.732275471735338801e-01
5.142081044391192179e+00,-9.090940761014170146e-01
3.641145178656539194e+00,-4.790327944203996435e-01
3.231066884601952793e+00,-8.935489573906420235e-02
5.501499879923009928e+00,-7.044766127967756475e-01
1.403983317631644079e+00,9.861189433490954448e-01
4.522461682928759497e-01,4.369869908819695170e-01
3.323284528965351758e-01,3.262449630089098163e-01
3.533886221386701276e+00,-3.823087549167978882e-01
3.003046744002782376e+00,1.381031040412733502e-01
4.042448750753705689e+00,-7.838587810423257585e-01
3.353512673394059451e+00,-2.103373531766909166e-01
1.791138041446274531e+00,9.758228200952486775e-01
5.438772525844488115e+00,-7.475812278399939226e-01
3.495756259626542573e+00,-3.468060018850514514e-01
4.153235627089735260e+00,-8.477045343432008107e-01
5.191981944648810909e+00,-8.871828099228127318e-01
2.013972673445545425e+00,9.033941700052439128e-01
6.135313019042371252e+00,-1.473339758440095904e-01
4.768615237162962650e+00,-9.984197204137652548e-01
4.440330653284210172e-01,4.295849136585943584e-01
5.226940582320358963e+00,-8.705134864727034349e-01
6.280157142141121973e+00,-3.028160410530324805e-03
5.277193176961892718e+00,-8.446934204817452274e-01
2.369939173426554024e+00,6.973213375221488652e-01
4.598408276787282034e+00,-9.935112291294128095e-01
1.927198388400761742e+00,9.371582242716702815e-01
1.045106444983489258e+00,8.649779579950092057e-01
2.590149740536967560e+00,5.239168031477333676e-01
8.375895863952370624e-01,7.430320968305970109e-01
3.772805744601554490e-01,3.683936666691165485e-01
3.977502269063164064e+00,-7.419067185743812853e-01
5.722434164159461156e-01,5.415194236567978381e-01
3.493188743058130985e+00,-3.443966929464207793e-01
5.485250555797906991e+00,-7.159156895018725653e-01
2.092542222575847433e+00,8.669503565599807615e-01
4.632481474449795300e+00,-9.968090936736205832e-01
1.031672606975290840e+00,8.581588791826241236e-01
4.051352792484369303e+00,-7.893565032460430064e-01
2.418513951377110782e+00,6.616961293210762429e-01
4.651095168294728133e+00,-9.981221223316606439e-01
8.934245962141272868e-01,7.792226686673785485e-01
1.822695708988989471e+00,9.684407595689957793e-01
1.429637093392681191e+00,9.900535678723367816e-01
3.937837908129341868e-01,3.836853475864513419e-01
6.100669317788600665e+00,-1.815043444612625678e-01
3.608242894031643999e+00,-4.498972106781962688e-01
1.918227045822641141e+00,9.402506121961401453e-01
4.449138005457931477e+00,-9.655491103732750657e-01
1.137061337011675333e+00,9.074024050106624939e-01
5.255266939848992180e+00,-8.562254688150507942e-01
2.347670697587796340e+00,7.131082524737862860e-01
6.184685541718395463e+00,-9.834056524407398803e-02
4.105433127816406014e+00,-8.213881103915074977e-01
5.440854532542885202e+00,-7.461968013478735839e-01
4.887184789101076454e+00,-9.847620697401555656e-01
4.194729693609702714e+00,-8.689798551626679579e-01
1.589532660799937158e+00,9.998244800288095258e-01
1.297013107245601704e+00,9.627548980895723751e-01
3.326085214639096677e+00,-1.834477297272349150e-01
5.371715187352845255e+00,-7.904051660016081504e-01
3.915870972330098176e+00,-6.992003089051492815e-01
4.541132320488844520e+00,-9.853713840776415767e-01
2.650303086335934033e+00,4.717633240957241902e-01
4.982504900375594126e+00,-9.637399703849360844e-01
4.949506249228049271e+00,-9.720191706962231226e-01
4.546532231160648196e-01,4.391507912281883974e-01
5.697042896086715880e-01,5.393830662768088757e-01
7.730217400886320034e-01,6.983013966036479836e-01
1.427439071956789762e+00,9.897419348596822042e-01
1.213201105891861031e+00,9.367412584472001313e-01
2.613598701012953551e+00,5.038014932752992170e-01
4.899487227815653156e+00,-9.825481218144781481e-01
1.672777534045077674e+00,9.948044219328840976e-01
6.228383645581718753e+00,-5.477423545620001971e-02
2.769101933331266086e-01,2.733848586189224772e-01
1.014917158091027893e+00,8.494368398112732699e-01
2.333328448631573071e+00,7.230892558771991885e-01
3.560121992088527421e+00,-4.064171678305817936e-01
7.002720710468367527e-01,6.444257548063316854e-01
6.165746103539877510e+00,-1.171694368096046074e-01
1.517406122513026867e+00,9.985750815707682415e-01
6.062145300135362902e+00,-2.192444450994823213e-01
2.310361194782494465e+00,7.387618930654855642e-01
2.166256441650413311e+00,8.278905127822286936e-01
1.991284020139174382e+00,9.128899696744493530e-01
4.383196818289980534e+00,-9.463038090466127095e-01
4.495615472768346166e+00,-9.765964846603756300e-01
1.850862200258786450e+00,9.610372317217873439e-01
2.223296703566167487e+00,7.945681175840987320e-01
3.159180241634369501e+00,-1.758668135027439960e-02
6.262915798447647120e+00,-2.026812079575963585e-02
1.958082247556869049e-01,1.945593786023485927e-01
1.051123350870511119e+00,8.679816250381726661e-01
5.803306373400461737e+00,-4.616717870343531871e-01
5.286814505319995305e+00,-8.395045834542417262e-01
4.085159501264822524e+00,-8.096566429562213063e-01
4.489950384820878604e+00,-9.753623743604962204e-01
4.085635036079175109e+00,-8.099356446103731511e-01
5.574665135316346998e+00,-6.507108124667720928e-01
2.051908061325232957e+00,8.864809988879391867e-01
4.920694574941408383e+00,-9.783827261763016203e-01
5.020205726454764594e+00,-9.529973201288666207e-01
2.526633857536952465e+00,5.769248675056890541e-01
4.735483474943187332e+00,-9.997333340131780988e-01
5.719072805210458021e+00,-5.346660345289538929e-01
4.443257503385691365e+00,-9.640021952229308466e-01
9.365630624229114298e-01,8.055262701187129171e-01
1.362269893906495444e+00,9.783370324174924804e-01
1.953330986023317895e+00,9.277214964922013696e-01
3.544008049491594203e+00,-3.916419311361493683e-01
2.248425241797476562e-02,2.248235801167796505e-02
4.848604208532879767e+00,-9.907370416391222401e-01
3.378418563903249350e+00,-2.346183203483946933e-01
3.529623623040076819e+00,-3.783665050949390762e-01
4.047161988260303822e+00,-7.867766972931111713e-01
9.370242715345636908e-01,8.057994785359431367e-01
5.324910737441508779e+00,-8.182007806409866690e-01
5.956270214852668055e+00,-3.211230378375536931e-01
4.691865861048966302e+00,-9.997894081782668918e-01
5.887008900978673687e+00,-3.858937411654673744e-01
5.515296631774167402e+00,-6.946179457225066800e-01
6.049693306582406116e+00,-2.313761702726259695e-01
5.951617233618355485e+00,-3.255260933863442507e-01
4.415641099715538864e+00,-9.562925024595442247e-01
2.267951266979283398e-01,2.248558806407204014e-01
4.758673465598747043e+00,-9.989290644193459245e-01
1.123957133892912852e+00,9.018174441656482410e-01
1.978784667828948240e+00,9.179208326156140796e-01
7.892194356142682166e-01,7.098036594846550695e-01
5.709927812415824810e+00,-5.423716688132248498e-01
1.379417740559474748e+00,9.817429437773064205e-01
1.696337331798322801e+00,9.921300723766721674e-01
5.509221526515919010e+00,-6.989754029291006532e-01
3.561638958729893556e+00,-4.078027333337072569e-01
6.166514152973988416e+00,-1.164066432628375752e-01
1.090184348928924019e+00,8.867121580652324031e-01
2.993595437064929143e+00,1.474575397132315557e-01
2.848714671461018533e+00,2.887088458074859032e-01
1.541299386564952245e+00,9.995649968001584229e-01
5.488701091363642703e+00,-7.135023141886404074e-01
4.768772036033488426e+00,-9.984108965712449324e-01
1.279116614434196775e+00,9.577622064410600267e-01
4.556357472140244447e+00,-9.878517608306208730e-01
4.777750760277377218e+00,-9.978646792301121282e-01
4.451304558959924051e+00,-9.661106263081191692e-01
5.362044302037929810e+00,-7.962923459061002074e-01
2.720569519817996884e+00,4.086944516057121057e-01
5.081377965920053974e+00,-9.326924674868307674e-01
5.499617466210859007e+00,-7.058113640761916052e-01
4.089799335686017834e+00,-8.123710546824876033e-01
4.967218414618108646e+00,-9.677063060438976239e-01
2.887339244898185164e+00,2.515228893948691646e-01
3.871858508430440438e+00,-6.670677196565825140e-01
1.930881548540254802e-02,1.930761568901200390e-02
1.862228542209773741e+00,9.578333476736040630e-01
3.121760189207975600e+00,1.983116430127792457e-02
1.026691129067086150e+00,8.555908300661214660e-01
3.092039349068545384e+00,4.953302707345123845e-02
2.779015033281231339e-01,2.743382699136923675e-01
4.226053643295298867e-01,4.101379958004622295e-01
4.716050709170691135e+00,-9.999932958786397208e-01
4.368774196034773460e+00,-9.415430249086391701e-01
2.296751304240500335e+00,7.478658013623530332e-01
5.534399064136638735e+00,-6.807501656893208963e-01
2.981112565786012247e+00,1.597921440141756300e-01
3.168923259004556403e+00,-2.732720305459193644e-02
4.826453296431529871e+00,-9.935017160728069063e-01
1.128845565843021648e+00,9.039190361693107967e-01
4.344310379944558598e+00,-9.330204319388861744e-01
1.442200947441729220e+00,9.917430022927707922e-01
2.848727849170651361e+00,2.886962292199490854e-01
5.909551812842462226e+00,-3.650006435698862628e-01
2.231640844913028499e+00,7.894741615533907853e-01
1.248915727779490004e+00,9.486421663094777301e-01
4.141475590331135770e+00,-8.414077294937780671e-01
3.966359340921811860e+00,-7.343894463195067557e-01
5.965203214180646363e+00,-3.126504526710374154e-01
4.925169728130188496e+00,-9.774474597367228679e-01
3.552455084830298038e+00,-3.994001332949497218e-01
3.309235677667337061e+00,-1.668588817205530761e-01
3.898817573246893264e+00,-6.869073168123256412e-01
1.409257066115503276e+00,9.869808816913729910e-01
6.173047281480712911e+00,-1.099154912761109715e-01
2.616406536012359840e+00,5.013740479876308553e-01
3.652863538347085992e+00,-4.892860100368947029e-01
5.294998484257826377e+00,-8.350297330036023924e-01
5.829123540142668425e+00,-4.386193423982424067e-01
1.550712240244346507e+00,9.997983215131149848e-01
3.665261351693155145e+00,-5.000605534433423260e-01
6.252341464859529019e+00,-3.083895204244200411e-02
4.555443668906725696e-01,4.399512322305254020e-01
1.632046562127021927e+00,9.981247906974446416e-01
3.662394866936347526e+00,-4.975761540147327078e-01
2.427540242513340996e+00,6.549016044650662893e-01
2.666727871265622163e+00,4.572181949034255788e-01
4.613718273176878881e+00,-9.951359939844451885e-01
1.538671137154034030e+00,9.994840304721342994e-01
1.957784626894350399e+00,9.260498769234510874e-01
1.382354594602305253e+00,9.822973354839613647e-01
1.916315599599691666e+00,9.408997093994510008e-01
4.958029070244799108e+00,-9.699818683993204349e-01
2.725143949012868827e+00,4.045152400274747984e-01
2.272072712448422127e+00,7.640192942688261990e-01
1.507371779463540840e+00,9.979893375533249733e-01
5.697425879308730678e+00,-5.528323672285025969e-01
2.026587247888862464e+00,8.979131672444548018e-01
4.726114044104130940e+00,-9.999058127915241290e-01
3.832581933726587398e+00,-6.372998489791866783e-01
1.716361489392264739e+00,9.894240861314430591e-01
5.428206527910981016e+00,-7.545569905279569944e-01
1.684318295622988737e+00,9.935632983617077585e-01
3.100311816784838470e+00,4.126911330672406591e-02
1.576542746787444438e+00,9.999834893740683350e-01
3.366951592941966442e+00,-2.234562397172976389e-01
4.579694969862270759e-01,4.421277557330922647e-01
2.966155574576912368e+00,1.745385242528337544e-01
7.689063251031962309e-01,6.953496615741177056e-01
2.612201253168917159e+00,5.050081435941666808e-01
2.383107889828315340e-01,2.360614932646560582e-01
2.324533973399832476e+00,7.291360391669929886e-01
6.004053740671040806e+00,-2.755209317287549142e-01
4.827867959751724669e+00,-9.933397090672148044e-01
3.969686864731699849e+00,-7.366438610899245232e-01
3.348302026792322916e+00,-2.052404422931907724e-01
4.790850574044583254e+00,-9.969234679638855345e-01
3.942264041874984137e+00,-7.178236899087414580e-01
1.073747200496851129e+00,8.789934632105466106e-01
2.491899125150299543e+00,6.049424002748126084e-01
5.452057630072736139e+00,-7.386919436960144303e-01
6.866352697771276326e-01,6.339385490969670078e-01
3.619683010647110510e+00,-4.600844909833471386e-01
2.375608578835096019e+00,6.932465572877923865e-01
1.823015688377181087e+00,9.683609570989438753e-01
4.791117572089599541e+00,-9.969025048256273669e-01
2.409368857852477674e+00,6.685251003736955022e-01
5.710795826737010472e+00,-5.416422121889920005e-01
8.793204774214691266e-01,7.703057423991773733e-01
2.907442415158022264e+00,2.320164962327173896e-01
4.211591010057909479e+00,-8.771997151740182908e-01
4.383045002199174256e+00,-9.462547192370277527e-01
2.027546582037049294e+00,8.974904814896991212e-01
3.725515729325655556e+00,-5.513012175182114838e-01
3.260248494782797213e+00,-1.183776070734555291e-01
2.289376547840748621e+00,7.527411515718801516e-01
2.851426136590540228e+00,2.861117850343721791e-01
2.796683254427563714e+00,3.381114136354508304e-01
6.254219699764139939e+00,-2.896155719696216421e-02
5.707184935246695900e+00,-5.446740228495802194e-01
5.124266705733504956e+00,-9.163707276011209268e-01
2.966140791031511625e+00,1.745530808568517556e-01
1.493625507314622902e-01,1.488078107544416051e-01
5.675471062149586743e+00,-5.709924506787360521e-01
2.974202214585146553e+00,1.666098323713473828e-01
7.497762735748768614e-01,6.814750448305569863e-01
4.187932975407610670e+00,-8.655964709515521216e-01
3.561085453846808857e+00,-4.072972821550691069e-01
3.721562499794638601e+00,-5.479987140193315343e-01
1.464632609648775174e+00,9.943699234870905235e-01
4.631858473686694566e+00,-9.967591707555737424e-01
4.805941442109174844e+00,-9.956271591303684776e-01
3.582280514189421172e+00,-4.265617072714047997e-01
2.301746470887848339e+00,7.445404438338019126e-01
3.174270379682557319e+00,-3.267191067329113657e-02
7.649030073475533431e-01,6.924670265176882111e-01
2.018029119942423844e+00,9.016472928683054722e-01
2.064163440400608618e+00,8.807432090737881136e-01
4.190977665071258684e+00,-8.671170610972523951e-01
6.867383581917843038e-01,6.340182725991219126e-01
5.968506232382112309e+00,-3.095113207579152648e-01
2.094813255906541993e+00,8.658162513205662769e-01
5.351749329711472658e-01,5.099915209742704736e-01
1.377351875475535170e+00,9.813478957700012550e-01
4.939743222272321432e+00,-9.742661598360847774e-01
3.494631898750341303e+00,-3.457512033574569044e-01
2.392003346107278272e+00,6.813382034027684053e-01
1.959492035737553373e+00,9.254041493506197646e-01
1.124427163225820925e+00,9.020204523116898132e-01
4.780394252305073977e+00,-9.976885325251243497e-01
2.084507615920530910e+00,8.709267344579200154e-01
2.583521048540340814e+00,5.295513687929767066e-01
5.762094194131626601e+00,-4.978267307113195539e-01
5.892296324890785364e+00,-3.810104925583783775e-01
1.596982257860224630e+00,9.996571680978642016e-01
3.432422464743084323e+00,-2.867472880176301642e-01
8.644011212896006435e-02,8.633250712624336576e-02
2.318625615722872180e+00,7.331667846619362994e-01
4.163816507423812929e+00,-8.532698033070416077e-01
5.945464946459627642e-01,5.601331270943505913e-01
1.637440718165734943e-01,1.630133311608919777e-01
2.166975095322289935e+00,8.274872135593349665e-01
5.463128295918622257e+00,-7.311847228299430679e-01
5.673407601373845921e+00,-5.726852429522392152e-01
